{
  "n_obs": 34,
  "stunting": {
    "coef": -3.054349747519978e-05,
    "intercept": 16.43264747181052,
    "r2": 0.034
  },
  "protein": {
    "coef": -5.535064896928121e-05,
    "intercept": 66.60080844714163,
    "r2": 0.038
  }
}