{
  "feature": "gizi_total",
  "n_obs": 34,
  "stunting": {
    "coef": -3.590688189314342e-05,
    "intercept": 25.114504174523223,
    "r2": 0.214
  },
  "protein": {
    "coef": 2.2551814870883513e-05,
    "intercept": 55.63647890828034,
    "r2": 0.052
  }
}