{
  "feature": "gizi_total",
  "n_obs": 34,
  "stunting": {
    "coef": -3.5906881893143396e-05,
    "intercept": 25.114504174523216,
    "r2": 0.214
  },
  "protein": {
    "coef": 2.2551814870883472e-05,
    "intercept": 55.63647890828033,
    "r2": 0.052
  }
}