{
  "n_obs": 34,
  "stunting": {
    "coef": -5.5854323788701116e-05,
    "intercept": 21.412455914290845,
    "r2": 0.063
  },
  "protein": {
    "coef": -5.535064896928127e-05,
    "intercept": 66.60080844714165,
    "r2": 0.038
  }
}